Accessory Name,manufacturer,Condition
Tripod,Hi Target  ,Good
External Radio,Hi Target  ,Good
Tracking Rod,Hi Target  ,Good
Tripod,Hi Target  ,Good
External Radio,Hi Target  ,Good
Car battery,Hi Target  ,Good
Base pole,Hi Target  ,Good
Tribrach,Hi Target  ,Good
Tracking Rod,Topcon,Good
Tripod,Topcon,Good
Reflector,Topcon,Good
Tripod,sokkia,Good
Levelling staff,sokkia,Good
Tracking Rod,Topcon,Good
Tripod,Topcon,Good
External Radio,Topcon,Good
Tribrach,Topcon,Good
Car battery,Topcon,Good
Tracking Rod,Topcon,Good
Tripod,Topcon,Good
External Radio,Topcon,Good
Tribrach,Topcon,Good
Tripod,sokkia,Good
Levelling Staff,sokkia,Good
Tripod,topcon,Good
Reflector,topcon,Good
Tracking Rod,Hi target,Good
External Radio,Hi target,Good
Tribrach,Hi target,Good
Tripod,Hi target,Bad
Levelling Staff,Sokkia,Bad
Tripod,Topcon,Good
Tribrach,Topcon,Good
Tracking Rod,Topcon,Good
Tripod,Topcon,Good
Reflector,Topcon,Good
Tripod,Topcon,Bad
Tribrach,Topcon,Good
Tracking Rod,Topcon,Good
Tripod,Topcon,Good
Tribrach,Topcon,Good
Tracking Rod,Topcon,Good
Tripod,Topcon,Good
External battery,Topcon,Good
Reflector,Topcon,Bad
Wooden Tripod,Topcon,Fair
Tracking Rod,Topcon,Good
Detachable battery,Topcon,Good
Levelling Staff,Sokkia,Good
Tripod,Sokkia,Good
Tribrach,Topcon,Good
Tripod,Topcon,Good
Tracking Rod,Topcon,Good
Reflector,Topcon,Good
Tracking Rod,Topcon,Good
Levelling Staff,Topcon,Good
Tripod,Topcon,Good
Tribrach,Hi target,Good
Tripod,Hi target,Good
Tracking Rod,Hi target,Good
Reflector,Topcon,Good
Tracking Rod,Topcon,Good
Levelling Staff,Topcon,Good
Tripod,Topcon,Good
Tracking Rod,Topcon,Good
Levelling Staff,sokkia,Good
Tripod,sokkia,Good
